symbol,symbol_id,ltp,lower_limit,upper_limit
AAPL,0,31690,28521,34859
MSFT,1,39372,35434,43309
GOOG,2,29491,26541,32440
META,3,52694,47424,57963
AMZN,4,21998,19798,24197
NFLX,5,11993,10793,13192
TSLA,6,29232,26308,32155
AAAA,7,2514,2262,2765
AAAB,8,14423,12980,15865
AAAC,9,13837,12453,15220
AAAD,10,32651,29385,35916
AAAE,11,29314,26382,32245
AAAF,12,13560,12204,14916
AAAG,13,31335,28201,34468
AAAH,14,14054,12648,15459
AAAI,15,15000,13500,16500
AAAJ,16,14002,12601,15402
AAAK,17,47467,42720,52213
AAAL,18,38880,34992,42768
AAAM,19,15820,14238,17402
AAAN,20,3815,3433,4196
AAAO,21,14424,12981,15866
AAAP,22,27323,24590,30055
AAAQ,23,16325,14692,17957
AAAR,24,14862,13375,16348
AAAS,25,14337,12903,15770
AAAT,26,14850,13365,16335
AAAU,27,17626,15863,19388
AAAV,28,15867,14280,17453
AAAW,29,19168,17251,21084
AAAX,30,46520,41868,51172
AAAY,31,11023,9920,12125
AAAZ,32,14796,13316,16275
AABA,33,15000,13500,16500
AABB,34,14339,12905,15772
AABC,35,14695,13225,16164
AABD,36,13029,11726,14331
AABE,37,42458,38212,46703
AABF,38,22885,20596,25173
AABG,39,14793,13313,16272
AABH,40,18575,16717,20432
AABI,41,15470,13923,17017
AABJ,42,15343,13808,16877
AABK,43,22239,20015,24462
AABL,44,31207,28086,34327
AABM,45,16097,14487,17706
AABN,46,37082,33373,40790
AABO,47,48452,43606,53297
AABP,48,14565,13108,16021
AABQ,49,42486,38237,46734
AABR,50,37211,33489,40932
AABS,51,15397,13857,16936
AABT,52,15336,13802,16869
AABU,53,46206,41585,50826
AABV,54,14709,13238,16179
AABW,55,13927,12534,15319
AABX,56,4782,4303,5260
AABY,57,16153,14537,17768
AABZ,58,7494,6744,8243
AACA,59,12542,11287,13796
AACB,60,18584,16725,20442
AACC,61,13860,12474,15246
AACD,62,1774,1596,1951
AACE,63,31355,28219,34490
AACF,64,9499,8549,10448
AACG,65,15737,14163,17310
AACH,66,30764,27687,33840
AACI,67,16816,15134,18497
AACJ,68,14839,13355,16322
AACK,69,29681,26712,32649
AACL,70,15588,14029,17146
AACM,71,27855,25069,30640
AACN,72,41818,37636,45999
AACO,73,17370,15633,19107
AACP,74,15296,13766,16825
AACQ,75,32778,29500,36055
AACR,76,16181,14562,17799
AACS,77,35514,31962,39065
AACT,78,16156,14540,17771
AACU,79,13594,12234,14953
AACV,80,15079,13571,16586
AACW,81,13979,12581,15376
AACX,82,12226,11003,13448
AACY,83,15000,13500,16500
AACZ,84,14355,12919,15790
AADA,85,15000,13500,16500
AADB,86,36027,32424,39629
AADC,87,15741,14166,17315
AADD,88,14490,13041,15939
AADE,89,15259,13733,16784
AADF,90,13620,12258,14982
AADG,91,5360,4824,5896
AADH,92,14632,13168,16095
AADI,93,14643,13178,16107
AADJ,94,17880,16092,19668
AADK,95,10326,9293,11358
AADL,96,27467,24720,30213
AADM,97,38978,35080,42875
AADN,98,14089,12680,15497
AADO,99,14965,13468,16461
AADP,100,16861,15174,18547
AADQ,101,24865,22378,27351
AADR,102,16059,14453,17664
AADS,103,15000,13500,16500
AADT,104,41737,37563,45910
AADU,105,24349,21914,26783
AADV,106,18350,16515,20185
AADW,107,3274,2946,3601
AADX,108,31210,28089,34331
AADY,109,13697,12327,15066
AADZ,110,13685,12316,15053
AAEA,111,44519,40067,48970
AAEB,112,14224,12801,15646
AAEC,113,16032,14428,17635
AAED,114,14941,13446,16435
AAEE,115,8152,7336,8967
AAEF,116,37621,33858,41383
AAEG,117,23302,20971,25632
AAEH,118,39508,35557,43458
AAEI,119,39536,35582,43489
AAEJ,120,23124,20811,25436
AAEK,121,42322,38089,46554
AAEL,122,14280,12852,15708
AAEM,123,16027,14424,17629
AAEN,124,16548,14893,18202
AAEO,125,15000,13500,16500
AAEP,126,13529,12176,14881
AAEQ,127,14586,13127,16044
AAER,128,20397,18357,22436
AAES,129,4969,4472,5465
AAET,130,22415,20173,24656
AAEU,131,15296,13766,16825
AAEV,132,23204,20883,25524
AAEW,133,15000,13500,16500
AAEX,134,15712,14140,17283
AAEY,135,29233,26309,32156
AAEZ,136,29808,26827,32788
AAFA,137,16143,14528,17757
AAFB,138,3652,3286,4017
AAFC,139,15341,13806,16875
AAFD,140,15541,13986,17095
AAFE,141,15000,13500,16500
AAFF,142,7528,6775,8280
AAFG,143,16933,15239,18626
AAFH,144,38091,34281,41900
AAFI,145,15000,13500,16500
AAFJ,146,13615,12253,14976
AAFK,147,43031,38727,47334
AAFL,148,15000,13500,16500
AAFM,149,36498,32848,40147
AAFN,150,16252,14626,17877
AAFO,151,1253,1127,1378
AAFP,152,40427,36384,44469
AAFQ,153,43692,39322,48061
AAFR,154,48277,43449,53104
AAFS,155,48755,43879,53630
AAFT,156,41779,37601,45956
AAFU,157,15000,13500,16500
AAFV,158,15858,14272,17443
AAFW,159,14990,13491,16489
AAFX,160,15221,13698,16743
AAFY,161,15000,13500,16500
AAFZ,162,15933,14339,17526
AAGA,163,22577,20319,24834
AAGB,164,43501,39150,47851
AAGC,165,14420,12978,15862
AAGD,166,13502,12151,14852
AAGE,167,14477,13029,15924
AAGF,168,20338,18304,22371
AAGG,169,20151,18135,22166
AAGH,170,15740,14166,17314
AAGI,171,13618,12256,14979
AAGJ,172,14594,13134,16053
AAGK,173,38415,34573,42256
AAGL,174,34218,30796,37639
AAGM,175,32184,28965,35402
AAGN,176,16294,14664,17923
AAGO,177,33106,29795,36416
AAGP,178,14759,13283,16234
AAGQ,179,17770,15993,19547
AAGR,180,13501,12150,14851
AAGS,181,15000,13500,16500
AAGT,182,24609,22148,27069
AAGU,183,19445,17500,21389
AAGV,184,16443,14798,18087
AAGW,185,14484,13035,15932
AAGX,186,14387,12948,15825
AAGY,187,24157,21741,26572
AAGZ,188,15120,13608,16632
AAHA,189,45642,41077,50206
AAHB,190,15147,13632,16661
AAHC,191,14520,13068,15972
AAHD,192,15428,13885,16970
AAHE,193,15188,13669,16706
AAHF,194,14880,13392,16368
AAHG,195,14264,12837,15690
AAHH,196,9022,8119,9924
AAHI,197,13633,12269,14996
AAHJ,198,15407,13866,16947
AAHK,199,14240,12816,15664
AAHL,200,5442,4897,5986
AAHM,201,7080,6372,7788
AAHN,202,13532,12178,14885
AAHO,203,13915,12523,15306
AAHP,204,20725,18652,22797
AAHQ,205,17192,15472,18911
AAHR,206,41310,37179,45441
AAHS,207,10109,9098,11119
AAHT,208,14028,12625,15430
AAHU,209,15327,13794,16859
AAHV,210,7395,6655,8134
AAHW,211,16320,14688,17952
AAHX,212,16458,14812,18103
AAHY,213,14678,13210,16145
AAHZ,214,15280,13752,16808
AAIA,215,14089,12680,15497
AAIB,216,15288,13759,16816
AAIC,217,14959,13463,16454
AAID,218,14890,13401,16379
AAIE,219,16359,14723,17994
AAIF,220,15000,13500,16500
AAIG,221,15255,13729,16780
AAIH,222,13415,12073,14756
AAII,223,15000,13500,16500
AAIJ,224,52786,47507,58064
AAIK,225,46308,41677,50938
AAIL,226,15354,13818,16889
AAIM,227,22578,20320,24835
AAIN,228,30616,27554,33677
AAIO,229,14709,13238,16179
AAIP,230,15232,13708,16755
AAIQ,231,16291,14661,17920
AAIR,232,31646,28481,34810
AAIS,233,15787,14208,17365
AAIT,234,47131,42417,51844
AAIU,235,15010,13509,16511
AAIV,236,16907,15216,18597
AAIW,237,15648,14083,17212
AAIX,238,15000,13500,16500
AAIY,239,13992,12592,15391
AAIZ,240,16236,14612,17859
AAJA,241,14911,13419,16402
AAJB,242,14831,13347,16314
AAJC,243,12992,11692,14291
AAJD,244,32287,29058,35515
AAJE,245,14838,13354,16321
AAJF,246,36513,32861,40164
AAJG,247,35544,31989,39098
AAJH,248,15769,14192,17345
AAJI,249,12380,11142,13618
AAJJ,250,49464,44517,54410
AAJK,251,22778,20500,25055
AAJL,252,15000,13500,16500
AAJM,253,14052,12646,15457
AAJN,254,14183,12764,15601
AAJO,255,14753,13277,16228
AAJP,256,15198,13678,16717
AAJQ,257,13756,12380,15131
AAJR,258,9420,8478,10362
AAJS,259,52858,47572,58143
AAJT,260,15962,14365,17558
AAJU,261,8566,7709,9422
AAJV,262,14571,13113,16028
AAJW,263,14427,12984,15869
AAJX,264,15623,14060,17185
AAJY,265,14994,13494,16493
AAJZ,266,9815,8833,10796
AAKA,267,47146,42431,51860
AAKB,268,15000,13500,16500
AAKC,269,38110,34299,41921
AAKD,270,44618,40156,49079
AAKE,271,16354,14718,17989
AAKF,272,15491,13941,17040
AAKG,273,19388,17449,21326
AAKH,274,14479,13031,15926
AAKI,275,5420,4878,5962
AAKJ,276,15397,13857,16936
AAKK,277,7361,6624,8097
AAKL,278,15000,13500,16500
AAKM,279,27742,24967,30516
AAKN,280,14039,12635,15442
AAKO,281,14278,12850,15705
AAKP,282,15980,14382,17578
AAKQ,283,15590,14031,17149
AAKR,284,15000,13500,16500
AAKS,285,15000,13500,16500
AAKT,286,30279,27251,33306
AAKU,287,14624,13161,16086
AAKV,288,14730,13257,16203
AAKW,289,21708,19537,23878
AAKX,290,16684,15015,18352
AAKY,291,13599,12239,14958
AAKZ,292,35878,32290,39465
AALA,293,14559,13103,16014
AALB,294,14496,13046,15945
AALC,295,1622,1459,1784
AALD,296,14621,13158,16083
AALE,297,11534,10380,12687
AALF,298,15166,13649,16682
AALG,299,9925,8932,10917
AALH,300,49062,44155,53968
AALI,301,11756,10580,12931
AALJ,302,41436,37292,45579
AALK,303,36906,33215,40596
AALL,304,22782,20503,25060
AALM,305,28221,25398,31043
AALN,306,6376,5738,7013
AALO,307,8535,7681,9388
AALP,308,22401,20160,24641
AALQ,309,30846,27761,33930
AALR,310,30074,27066,33081
AALS,311,4207,3786,4627
AALT,312,35640,32076,39204
AALU,313,47940,43146,52734
AALV,314,2208,1987,2428
AALW,315,9467,8520,10413
AALX,316,35691,32121,39260
AALY,317,44178,39760,48595
AALZ,318,12513,11261,13764
AAMA,319,3183,2864,3501
AAMB,320,31162,28045,34278
AAMC,321,36651,32985,40316
AAMD,322,18775,16897,20652
AAME,323,40017,36015,44018
AAMF,324,13809,12428,15189
AAMG,325,1203,1082,1323
AAMH,326,15327,13794,16859
AAMI,327,13706,12335,15076
AAMJ,328,24552,22096,27007
AAMK,329,21119,19007,23230
AAML,330,8123,7310,8935
AAMM,331,43058,38752,47363
AAMN,332,44037,39633,48440
AAMO,333,48501,43650,53351
AAMP,334,27561,24804,30317
AAMQ,335,9246,8321,10170
AAMR,336,3871,3483,4258
AAMS,337,44553,40097,49008
AAMT,338,23100,20790,25410
AAMU,339,27139,24425,29852
AAMV,340,4292,3862,4721
AAMW,341,48314,43482,53145
AAMX,342,8491,7641,9340
AAMY,343,22589,20330,24847
AAMZ,344,37844,34059,41628
AANA,345,28245,25420,31069
AANB,346,3439,3095,3782
AANC,347,32491,29241,35740
AAND,348,8143,7328,8957
AANE,349,37005,33304,40705
AANF,350,34495,31045,37944
AANG,351,46141,41526,50755
AANH,352,36329,32696,39961
AANI,353,2323,2090,2555
AANJ,354,6297,5667,6926
AANK,355,16754,15078,18429
AANL,356,43357,39021,47692
AANM,357,12865,11578,14151
AANN,358,28408,25567,31248
AANO,359,11521,10368,12673
AANP,360,46721,42048,51393
AANQ,361,41313,37181,45444
AANR,362,6731,6057,7404
AANS,363,15639,14075,17202
AANT,364,22671,20403,24938
AANU,365,20591,18531,22650
AANV,366,21470,19323,23617
AANW,367,27822,25039,30604
AANX,368,47226,42503,51948
AANY,369,23173,20855,25490
AANZ,370,30382,27343,33420
AAOA,371,33278,29950,36605
AAOB,372,49146,44231,54060
AAOC,373,44610,40149,49071
AAOD,374,7317,6585,8048
AAOE,375,9004,8103,9904
AAOF,376,22822,20539,25104
AAOG,377,28304,25473,31134
AAOH,378,23579,21221,25936
AAOI,379,28342,25507,31176
AAOJ,380,8031,7227,8834
AAOK,381,24485,22036,26933
AAOL,382,31078,27970,34185
AAOM,383,29612,26650,32573
AAON,384,4854,4368,5339
AAOO,385,12438,11194,13681
AAOP,386,7182,6463,7900
AAOQ,387,43259,38933,47584
AAOR,388,4352,3916,4787
AAOS,389,31061,27954,34167
AAOT,390,21695,19525,23864
AAOU,391,17931,16137,19724
AAOV,392,41880,37692,46068
AAOW,393,14621,13158,16083
AAOX,394,4459,4013,4904
AAOY,395,21859,19673,24044
AAOZ,396,40451,36405,44496
AAPA,397,16611,14949,18272
AAPB,398,32111,28899,35322
AAPC,399,10722,9649,11794
AAPD,400,12170,10953,13387
AAPE,401,23443,21098,25787
AAPF,402,30176,27158,33193
AAPG,403,10884,9795,11972
AAPH,404,30471,27423,33518
AAPI,405,20588,18529,22646
AAPJ,406,5603,5042,6163
AAPK,407,43251,38925,47576
AAPM,408,36956,33260,40651
AAPN,409,46932,42238,51625
AAPO,410,34771,31293,38248
AAPP,411,40604,36543,44664
AAPQ,412,3769,3392,4145
AAPR,413,10942,9847,12036
AAPS,414,42672,38404,46939
AAPT,415,8586,7727,9444
AAPU,416,27259,24533,29984
AAPV,417,14287,12858,15715
AAPW,418,15770,14193,17347
AAPX,419,13843,12458,15227
AAPY,420,38997,35097,42896
AAPZ,421,5466,4919,6012
AAQA,422,30063,27056,33069
AAQB,423,6127,5514,6739
AAQC,424,7338,6604,8071
AAQD,425,8013,7211,8814
AAQE,426,13506,12155,14856
AAQF,427,28863,25976,31749
AAQG,428,37450,33705,41195
AAQH,429,7841,7056,8625
AAQI,430,49076,44168,53983
AAQJ,431,28740,25866,31614
AAQK,432,47144,42429,51858
AAQL,433,46556,41900,51211
AAQM,434,21095,18985,23204
AAQN,435,6044,5439,6648
AAQO,436,21591,19431,23750
AAQP,437,11379,10241,12516
AAQQ,438,7507,6756,8257
AAQR,439,45941,41346,50535
AAQS,440,40724,36651,44796
AAQT,441,8560,7704,9416
AAQU,442,1122,1009,1234
AAQV,443,15889,14300,17477
AAQW,444,40988,36889,45086
AAQX,445,18486,16637,20334
AAQY,446,17763,15986,19539
AAQZ,447,31255,28129,34380
AARA,448,25254,22728,27779
AARB,449,31024,27921,34126
AARC,450,5141,4626,5655
AARD,451,10781,9702,11859
AARE,452,49195,44275,54114
AARF,453,42593,38333,46852
AARG,454,38957,35061,42852
AARH,455,18081,16272,19889
AARI,456,29887,26898,32875
AARJ,457,16642,14977,18306
AARK,458,16218,14596,17839
AARL,459,48615,43753,53476
AARM,460,3122,2809,3434
AARN,461,25944,23349,28538
AARO,462,32719,29447,35990
AARP,463,45980,41382,50578
AARQ,464,43977,39579,48374
AARR,465,18051,16245,19856
AARS,466,27957,25161,30752
AART,467,16795,15115,18474
AARU,468,20576,18518,22633
AARV,469,14971,13473,16468
AARW,470,43936,39542,48329
AARX,471,10667,9600,11733
AARY,472,48555,43699,53410
AARZ,473,43084,38775,47392
AASA,474,17214,15492,18935
AASB,475,26752,24076,29427
AASC,476,29348,26413,32282
AASD,477,55172,49654,60689
AASE,478,10441,9396,11485
AASF,479,31873,28685,35060
AASG,480,10346,9311,11380
AASH,481,3658,3292,4023
AASI,482,990,891,1089
AASJ,483,36303,32672,39933
AASK,484,47786,43007,52564
AASL,485,21894,19704,24083
AASM,486,5264,4737,5790
AASN,487,25453,22907,27998
AASO,488,39918,35926,43909
AASP,489,46372,41734,51009
AASQ,490,18285,16456,20113
AASR,491,26554,23898,29209
AASS,492,4831,4347,5314
AAST,493,44698,40228,49167
AASU,494,42102,37891,46312
AASV,495,26936,24242,29629
AASW,496,20728,18655,22800
AASX,497,1990,1791,2189
AASY,498,10235,9211,11258
AASZ,499,21822,19639,24004
AATA,500,8851,7965,9736
AATB,501,40171,36153,44188
AATC,502,7327,6594,8059
AATD,503,48340,43506,53174
AATE,504,16373,14735,18010
AATF,505,3158,2842,3473
AATG,506,22583,20324,24841
AATH,507,21726,19553,23898
AATI,508,14140,12726,15554
AATJ,509,18502,16651,20352
AATK,510,19633,17669,21596
AATL,511,33586,30227,36944
AATM,512,35117,31605,38628
AATN,513,3370,3033,3707
AATO,514,49419,44477,54360
AATP,515,21231,19107,23354
AATQ,516,19833,17849,21816
AATR,517,7752,6976,8527
AATS,518,52914,47622,58205
AATT,519,31379,28241,34516
AATU,520,15525,13972,17077
AATV,521,17114,15402,18825
AATW,522,6309,5678,6939
AATX,523,23763,21386,26139
AATY,524,9706,8735,10676
AATZ,525,36354,32718,39989
AAUA,526,3941,3546,4335
AAUB,527,26416,23774,29057
AAUC,528,35768,32191,39344
AAUD,529,29166,26249,32082
AAUE,530,44132,39718,48545
AAUF,531,33070,29763,36377
AAUG,532,49342,44407,54276
AAUH,533,7628,6865,8390
AAUI,534,32941,29646,36235
AAUJ,535,43375,39037,47712
AAUK,536,38546,34691,42400
AAUL,537,16082,14473,17690
AAUM,538,8470,7623,9317
AAUN,539,46230,41607,50853
AAUO,540,39765,35788,43741
AAUP,541,35301,31770,38831
AAUQ,542,27983,25184,30781
AAUR,543,31994,28794,35193
AAUS,544,20588,18529,22646
AAUT,545,13230,11907,14553
AAUU,546,35915,32323,39506
AAUV,547,10740,9666,11814
AAUW,548,9444,8499,10388
AAUX,549,41420,37278,45562
AAUY,550,41726,37553,45898
AAUZ,551,33828,30445,37210
AAVA,552,6409,5768,7049
AAVB,553,40795,36715,44874
AAVC,554,3309,2978,3639
AAVD,555,31869,28682,35055
AAVE,556,23877,21489,26264
AAVF,557,8466,7619,9312
AAVG,558,9899,8909,10888
AAVH,559,19480,17532,21428
AAVI,560,32629,29366,35891
AAVJ,561,23885,21496,26273
AAVK,562,44432,39988,48875
AAVL,563,11745,10570,12919
AAVM,564,10263,9236,11289
AAVN,565,20666,18599,22732
AAVO,566,52691,47421,57960
AAVP,567,10177,9159,11194
AAVQ,568,27671,24903,30438
AAVR,569,34494,31044,37943
AAVS,570,2364,2127,2600
AAVT,571,35581,32022,39139
AAVU,572,17832,16048,19615
AAVV,573,4182,3763,4600
AAVW,574,29461,26514,32407
AAVX,575,15746,14171,17320
AAVY,576,24028,21625,26430
AAVZ,577,16380,14742,18018
AAWA,578,8149,7334,8963
AAWB,579,5236,4712,5759
AAWC,580,21948,19753,24142
AAWD,581,37508,33757,41258
AAWE,582,54545,49090,59999
AAWF,583,35090,31581,38599
AAWG,584,33176,29858,36493
AAWH,585,35544,31989,39098
AAWI,586,36968,33271,40664
AAWJ,587,40637,36573,44700
AAWK,588,40662,36595,44728
AAWL,589,11921,10728,13113
AAWM,590,18123,16310,19935
AAWN,591,5011,4509,5512
AAWO,592,8835,7951,9718
AAWP,593,21164,19047,23280
AAWQ,594,13367,12030,14703
AAWR,595,8308,7477,9138
AAWS,596,1031,927,1134
AAWT,597,20684,18615,22752
AAWU,598,49452,44506,54397
AAWV,599,33595,30235,36954
AAWW,600,35078,31570,38585
AAWX,601,25475,22927,28022
AAWY,602,28714,25842,31585
AAWZ,603,31800,28620,34980
AAXA,604,25564,23007,28120
AAXB,605,2973,2675,3270
AAXC,606,16946,15251,18640
AAXD,607,4745,4270,5219
AAXE,608,18891,17001,20780
AAXF,609,42291,38061,46520
AAXG,610,42424,38181,46666
AAXH,611,15671,14103,17238
AAXI,612,25646,23081,28210
AAXJ,613,3663,3296,4029
AAXK,614,8495,7645,9344
AAXL,615,34241,30816,37665
AAXM,616,36078,32470,39685
AAXN,617,15005,13504,16505
AAXO,618,8985,8086,9883
AAXP,619,9981,8982,10979
AAXQ,620,28767,25890,31643
AAXR,621,42404,38163,46644
AAXS,622,48161,43344,52977
AAXT,623,21140,19026,23254
AAXU,624,36854,33168,40539
AAXV,625,11633,10469,12796
AAXW,626,14332,12898,15765
AAXX,627,28560,25704,31416
AAXY,628,2338,2104,2571
AAXZ,629,47467,42720,52213
AAYA,630,37628,33865,41390
AAYB,631,9403,8462,10343
AAYC,632,16993,15293,18692
AAYD,633,7597,6837,8356
AAYE,634,14875,13387,16362
AAYF,635,23056,20750,25361
AAYG,636,7173,6455,7890
AAYH,637,45741,41166,50315
AAYI,638,41229,37106,45351
AAYJ,639,21578,19420,23735
AAYK,640,32032,28828,35235
AAYL,641,41783,37604,45961
AAYM,642,35652,32086,39217
AAYN,643,34061,30654,37467
AAYO,644,40253,36227,44278
AAYP,645,24378,21940,26815
AAYQ,646,34678,31210,38145
AAYR,647,18457,16611,20302
AAYS,648,33391,30051,36730
AAYT,649,41289,37160,45417
AAYU,650,46204,41583,50824
AAYV,651,18132,16318,19945
AAYW,652,46553,41897,51208
AAYX,653,16177,14559,17794
AAYY,654,25370,22833,27907
AAYZ,655,40510,36459,44561
AAZA,656,33595,30235,36954
AAZB,657,16951,15255,18646
AAZC,658,19588,17629,21546
AAZD,659,26956,24260,29651
AAZE,660,41920,37728,46112
AAZF,661,27300,24570,30030
AAZG,662,41514,37362,45665
AAZH,663,36783,33104,40461
AAZI,664,20075,18067,22082
AAZJ,665,28299,25469,31128
AAZK,666,24812,22330,27293
AAZL,667,3620,3258,3982
AAZM,668,19593,17633,21552
AAZN,669,15179,13661,16696
AAZO,670,15847,14262,17431
AAZP,671,21181,19062,23299
AAZQ,672,50433,45389,55476
AAZR,673,51008,45907,56108
AAZS,674,2823,2540,3105
AAZT,675,18349,16514,20183
AAZU,676,27806,25025,30586
AAZV,677,7849,7064,8633
AAZW,678,45119,40607,49630
AAZX,679,48239,43415,53062
AAZY,680,40234,36210,44257
AAZZ,681,25701,23130,28271
ABAA,682,36828,33145,40510
ABAB,683,42809,38528,47089
ABAC,684,36451,32805,40096
ABAD,685,33652,30286,37017
ABAE,686,15836,14252,17419
ABAF,687,35699,32129,39268
ABAG,688,36488,32839,40136
ABAH,689,46214,41592,50835
ABAI,690,23952,21556,26347
ABAJ,691,20757,18681,22832
ABAK,692,42813,38531,47094
ABAL,693,15646,14081,17210
ABAM,694,32574,29316,35831
ABAN,695,39696,35726,43665
ABAO,696,42613,38351,46874
ABAP,697,35035,31531,38538
ABAQ,698,3079,2771,3386
ABAR,699,37551,33795,41306
ABAS,700,21256,19130,23381
ABAT,701,10886,9797,11974
ABAU,702,2169,1952,2385
ABAV,703,2253,2027,2478
ABAW,704,2326,2093,2558
ABAX,705,22940,20646,25234
ABAY,706,17907,16116,19697
ABAZ,707,22898,20608,25187
ABBA,708,13968,12571,15364
ABBB,709,45707,41136,50277
ABBC,710,38338,34504,42171
ABBD,711,18685,16816,20553
ABBE,712,45482,40933,50030
ABBF,713,36394,32754,40033
ABBG,714,33770,30393,37147
ABBH,715,12150,10935,13365
ABBI,716,2168,1951,2384
ABBJ,717,24411,21969,26852
ABBK,718,30127,27114,33139
ABBL,719,15982,14383,17580
ABBM,720,23437,21093,25780
ABBN,721,24350,21915,26785
ABBO,722,38585,34726,42443
ABBP,723,47574,42816,52331
ABBQ,724,10507,9456,11557
ABBR,725,11791,10611,12970
ABBS,726,43155,38839,47470
ABBT,727,6135,5521,6748
ABBU,728,21203,19082,23323
ABBV,729,35156,31640,38671
ABBW,730,9565,8608,10521
ABBX,731,30052,27046,33057
ABBY,732,24116,21704,26527
ABBZ,733,44187,39768,48605
ABCA,734,14165,12748,15581
ABCB,735,25733,23159,28306
ABCC,736,44683,40214,49151
ABCD,737,45980,41382,50578
ABCE,738,32728,29455,36000
ABCF,739,33341,30006,36675
ABCG,740,20093,18083,22102
ABCH,741,16416,14774,18057
ABCI,742,50221,45198,55243
ABCJ,743,17584,15825,19342
ABCK,744,43578,39220,47935
ABCL,745,16941,15246,18635
ABCM,746,45794,41214,50373
ABCN,747,15713,14141,17284
ABCO,748,45038,40534,49541
ABCP,749,39579,35621,43536
ABCQ,750,22330,20097,24563
ABCR,751,26630,23967,29293
ABCS,752,47455,42709,52200
ABCT,753,16643,14978,18307
ABCU,754,43338,39004,47671
ABCV,755,15473,13925,17020
ABCW,756,28466,25619,31312
ABCX,757,30654,27588,33719
ABCY,758,45554,40998,50109
ABCZ,759,13839,12455,15222
ABDA,760,32793,29513,36072
ABDB,761,8941,8046,9835
ABDC,762,21918,19726,24109
ABDD,763,42832,38548,47115
ABDE,764,24486,22037,26934
ABDF,765,39196,35276,43115
ABDG,766,5316,4784,5847
ABDH,767,22591,20331,24850
ABDI,768,33722,30349,37094
ABDJ,769,32373,29135,35610
ABDK,770,25596,23036,28155
ABDL,771,43898,39508,48287
ABDM,772,39949,35954,43943
ABDN,773,34444,30999,37888
ABDO,774,26640,23976,29304
ABDP,775,7571,6813,8328
ABDQ,776,6876,6188,7563
ABDR,777,31731,28557,34904
ABDS,778,11542,10387,12696
ABDT,779,40603,36542,44663
ABDU,780,4851,4365,5336
ABDV,781,39487,35538,43435
ABDW,782,19168,17251,21084
ABDX,783,5285,4756,5813
ABDY,784,8398,7558,9237
ABDZ,785,18739,16865,20612
ABEA,786,16676,15008,18343
ABEB,787,5819,5237,6400
ABEC,788,38737,34863,42610
ABED,789,6181,5562,6799
ABEE,790,3238,2914,3561
ABEF,791,19085,17176,20993
ABEG,792,29004,26103,31904
ABEH,793,40700,36630,44770
ABEI,794,13079,11771,14386
ABEJ,795,39817,35835,43798
ABEK,796,43404,39063,47744
ABEL,797,42709,38438,46979
ABEM,798,15622,14059,17184
ABEN,799,19390,17451,21329
ABEO,800,22106,19895,24316
ABEP,801,6268,5641,6894
ABEQ,802,32102,28891,35312
ABER,803,38362,34525,42198
ABES,804,12008,10807,13208
ABET,805,5675,5107,6242
ABEU,806,46910,42219,51601
ABEV,807,20742,18667,22816
ABEW,808,18068,16261,19874
ABEX,809,5193,4673,5712
ABEY,810,1259,1133,1384
ABEZ,811,5924,5331,6516
ABFA,812,17630,15867,19393
ABFB,813,40838,36754,44921
ABFC,814,4836,4352,5319
ABFD,815,10588,9529,11646
ABFE,816,6753,6077,7428
ABFF,817,41054,36948,45159
ABFG,818,7685,6916,8453
ABFH,819,8335,7501,9168
ABFI,820,43032,38728,47335
ABFJ,821,25587,23028,28145
ABFK,822,26776,24098,29453
ABFL,823,33702,30331,37072
ABFM,824,45423,40880,49965
ABFN,825,45174,40656,49691
ABFO,826,30868,27781,33954
ABFP,827,16510,14859,18161
ABFQ,828,7778,7000,8555
ABFR,829,8909,8018,9799
ABFS,830,40462,36415,44508
ABFT,831,40433,36389,44476
ABFU,832,4440,3996,4884
ABFV,833,26679,24011,29346
ABFW,834,38867,34980,42753
ABFX,835,41097,36987,45206
ABFY,836,32648,29383,35912
ABFZ,837,28113,25301,30924
ABGA,838,12525,11272,13777
ABGB,839,45426,40883,49968
ABGC,840,38913,35021,42804
ABGD,841,48860,43974,53746
ABGE,842,19688,17719,21656
ABGF,843,29724,26751,32696
ABGG,844,7346,6611,8080
ABGH,845,18254,16428,20079
ABGI,846,3951,3555,4346
ABGJ,847,23997,21597,26396
ABGK,848,5243,4718,5767
ABGL,849,27775,24997,30552
ABGM,850,13018,11716,14319
ABGN,851,34603,31142,38063
ABGO,852,6058,5452,6663
ABGP,853,6552,5896,7207
ABGQ,854,19071,17163,20978
ABGR,855,30156,27140,33171
ABGS,856,33450,30105,36795
ABGT,857,42614,38352,46875
ABGU,858,45734,41160,50307
ABGV,859,39297,35367,43226
ABGW,860,36523,32870,40175
ABGX,861,1773,1595,1950
ABGY,862,18253,16427,20078
ABGZ,863,17808,16027,19588
ABHA,864,37517,33765,41268
ABHB,865,25390,22851,27929
ABHC,866,28129,25316,30941
ABHD,867,2536,2282,2789
ABHE,868,46099,41489,50708
ABHF,869,45275,40747,49802
ABHG,870,5606,5045,6166
ABHH,871,23695,21325,26064
ABHI,872,46310,41679,50941
ABHJ,873,17358,15622,19093
ABHK,874,26367,23730,29003
ABHL,875,17539,15785,19292
ABHM,876,20091,18081,22100
ABHN,877,13814,12432,15195
ABHO,878,15859,14273,17444
ABHP,879,35175,31657,38692
ABHQ,880,3627,3264,3989
ABHR,881,1318,1186,1449
ABHS,882,41202,37081,45322
ABHT,883,16429,14786,18071
ABHU,884,8979,8081,9876
ABHV,885,40378,36340,44415
ABHW,886,33566,30209,36922
ABHX,887,42091,37881,46300
ABHY,888,20018,18016,22019
ABHZ,889,15193,13673,16712
ABIA,890,15522,13969,17074
ABIB,891,1621,1458,1783
ABIC,892,38659,34793,42524
ABID,893,5911,5319,6502
ABIE,894,2471,2223,2718
ABIF,895,15769,14192,17345
ABIG,896,11851,10665,13036
ABIH,897,16704,15033,18374
ABII,898,20202,18181,22222
ABIJ,899,30739,27665,33812
ABIK,900,15486,13937,17034
ABIL,901,5477,4929,6024
ABIM,902,47365,42628,52101
ABIN,903,5204,4683,5724
ABIO,904,35186,31667,38704
ABIP,905,17314,15582,19045
ABIQ,906,40726,36653,44798
ABIR,907,10324,9291,11356
ABIS,908,33158,29842,36473
ABIT,909,40967,36870,45063
ABIU,910,26576,23918,29233
ABIV,911,26584,23925,29242
ABIW,912,7348,6613,8082
ABIX,913,45846,41261,50430
ABIY,914,15796,14216,17375
ABIZ,915,46355,41719,50990
ABJA,916,17695,15925,19464
ABJB,917,32799,29519,36078
ABJC,918,8697,7827,9566
ABJD,919,1931,1737,2124
ABJE,920,4012,3610,4413
ABJF,921,21936,19742,24129
ABJG,922,14201,12780,15621
ABJH,923,5933,5339,6526
ABJI,924,39233,35309,43156
ABJJ,925,40966,36869,45062
ABJK,926,32621,29358,35883
ABJL,927,15794,14214,17373
ABJM,928,31786,28607,34964
ABJN,929,22952,20656,25247
ABJO,930,38389,34550,42227
ABJP,931,34618,31156,38079
ABJQ,932,3919,3527,4310
ABJR,933,23418,21076,25759
ABJS,934,53720,48348,59092
ABJT,935,16463,14816,18109
ABJU,936,1211,1089,1332
ABJV,937,2916,2624,3207
ABJW,938,47137,42423,51850
ABJX,939,1801,1620,1981
ABJY,940,1891,1701,2080
ABJZ,941,38524,34671,42376
ABKA,942,25539,22985,28092
ABKB,943,4229,3806,4651
ABKC,944,31813,28631,34994
ABKD,945,54023,48620,59425
ABKE,946,13111,11799,14422
ABKF,947,17184,15465,18902
ABKG,948,8073,7265,8880
ABKH,949,29560,26604,32516
ABKI,950,17058,15352,18763
ABKJ,951,36245,32620,39869
ABKK,952,4155,3739,4570
ABKL,953,23025,20722,25327
ABKM,954,48316,43484,53147
ABKN,955,15701,14130,17271
ABKO,956,23098,20788,25407
ABKP,957,9261,8334,10187
ABKQ,958,28295,25465,31124
ABKR,959,16009,14408,17609
ABKS,960,16761,15084,18437
ABKT,961,47101,42390,51811
ABKU,962,34734,31260,38207
ABKV,963,31515,28363,34666
ABKW,964,17255,15529,18980
ABKX,965,2025,1822,2227
ABKY,966,42268,38041,46494
ABKZ,967,33067,29760,36373
ABLA,968,18284,16455,20112
ABLB,969,7061,6354,7767
ABLC,970,50026,45023,55028
ABLD,971,5278,4750,5805
ABLE,972,30308,27277,33338
ABLF,973,13207,11886,14527
ABLG,974,19060,17154,20966
ABLH,975,10725,9652,11797
ABLI,976,31827,28644,35009
ABLJ,977,13542,12187,14896
ABLK,978,27362,24625,30098
ABLL,979,30854,27768,33939
ABLM,980,43421,39078,47763
ABLN,981,35447,31902,38991
ABLO,982,14881,13392,16369
ABLP,983,23627,21264,25989
ABLQ,984,13824,12441,15206
ABLR,985,17692,15922,19461
ABLS,986,30472,27424,33519
ABLT,987,23858,21472,26243
ABLU,988,30426,27383,33468
ABLV,989,11208,10087,12328
ABLW,990,26167,23550,28783
ABLX,991,16965,15268,18661
ABLY,992,29435,26491,32378
ABLZ,993,14013,12611,15414
ABMA,994,52906,47615,58196
ABMB,995,1694,1524,1863
ABMC,996,32650,29385,35915
ABMD,997,5948,5353,6542
ABME,998,3161,2844,3477
ABMF,999,36759,33083,40434
ABMG,1000,9136,8222,10049
ABMH,1001,10040,9036,11044
ABMI,1002,28497,25647,31346
ABMJ,1003,35730,32157,39303
ABMK,1004,21895,19705,24084
ABML,1005,2863,2576,3149
ABMM,1006,28069,25262,30875
ABMN,1007,36317,32685,39948
ABMO,1008,41113,37001,45224
ABMP,1009,20853,18767,22938
ABMQ,1010,25150,22635,27665
ABMR,1011,9451,8505,10396
ABMS,1012,46653,41987,51318
ABMT,1013,45174,40656,49691
ABMU,1014,8573,7715,9430
ABMV,1015,33620,30258,36982
ABMW,1016,31968,28771,35164
ABMX,1017,44153,39737,48568
ABMY,1018,42580,38322,46838
ABMZ,1019,15472,13924,17019
ABNA,1020,27362,24625,30098
ABNB,1021,24779,22301,27256
ABNC,1022,36440,32796,40084
ABND,1023,25307,22776,27837
ABNE,1024,31690,28521,34859
ABNF,1025,39372,35434,43309
ABNG,1026,29491,26541,32440
ABNH,1027,52694,47424,57963
ABNI,1028,21998,19798,24197
ABNJ,1029,11993,10793,13192
ABNK,1030,29232,26308,32155
ABNL,1031,2514,2262,2765
ABNM,1032,14423,12980,15865
ABNN,1033,13837,12453,15220
ABNO,1034,32651,29385,35916
ABNP,1035,29314,26382,32245
ABNQ,1036,13560,12204,14916
ABNR,1037,31335,28201,34468
ABNS,1038,14054,12648,15459
ABNT,1039,14842,13357,16326
ABNU,1040,14002,12601,15402
ABNV,1041,47467,42720,52213
ABNW,1042,38880,34992,42768
ABNX,1043,15820,14238,17402
ABNY,1044,3815,3433,4196
ABNZ,1045,14424,12981,15866
ABOA,1046,27323,24590,30055
ABOB,1047,16325,14692,17957
ABOC,1048,14862,13375,16348
ABOD,1049,14337,12903,15770
ABOE,1050,14850,13365,16335
ABOF,1051,17626,15863,19388
ABOG,1052,15867,14280,17453
ABOH,1053,19168,17251,21084
ABOI,1054,46520,41868,51172
ABOJ,1055,11023,9920,12125
ABOK,1056,14796,13316,16275
ABOL,1057,15520,13968,17072
ABOM,1058,14339,12905,15772
ABON,1059,14695,13225,16164
ABOO,1060,13029,11726,14331
ABOP,1061,42458,38212,46703
ABOQ,1062,22885,20596,25173
ABOR,1063,14793,13313,16272
ABOS,1064,18575,16717,20432
ABOT,1065,15470,13923,17017
ABOU,1066,15343,13808,16877
ABOV,1067,22239,20015,24462
ABOW,1068,31207,28086,34327
ABOX,1069,16097,14487,17706
ABOY,1070,37082,33373,40790
ABOZ,1071,48452,43606,53297
ABPA,1072,14565,13108,16021
ABPB,1073,42486,38237,46734
ABPC,1074,37211,33489,40932
ABPD,1075,15397,13857,16936
ABPE,1076,15336,13802,16869
ABPF,1077,46206,41585,50826
ABPG,1078,14709,13238,16179
ABPH,1079,13927,12534,15319
ABPI,1080,4782,4303,5260
ABPJ,1081,16153,14537,17768
ABPK,1082,7494,6744,8243
ABPL,1083,12542,11287,13796
ABPM,1084,18584,16725,20442
ABPN,1085,13860,12474,15246
ABPO,1086,1774,1596,1951
ABPP,1087,31355,28219,34490
ABPQ,1088,9499,8549,10448
ABPR,1089,15737,14163,17310
ABPS,1090,30764,27687,33840
ABPT,1091,16816,15134,18497
ABPU,1092,14839,13355,16322
ABPV,1093,29681,26712,32649
ABPW,1094,15588,14029,17146
ABPX,1095,27855,25069,30640
ABPY,1096,41818,37636,45999
ABPZ,1097,17370,15633,19107
ABQA,1098,15296,13766,16825
ABQB,1099,32778,29500,36055
ABQC,1100,16181,14562,17799
ABQD,1101,35514,31962,39065
ABQE,1102,16156,14540,17771
ABQF,1103,13594,12234,14953
ABQG,1104,15079,13571,16586
ABQH,1105,13979,12581,15376
ABQI,1106,12226,11003,13448
ABQJ,1107,4414,3972,4855
ABQK,1108,14355,12919,15790
ABQL,1109,32646,29381,35910
ABQM,1110,36027,32424,39629
ABQN,1111,15741,14166,17315
ABQO,1112,14490,13041,15939
ABQP,1113,15259,13733,16784
ABQQ,1114,13620,12258,14982
ABQR,1115,5360,4824,5896
ABQS,1116,14632,13168,16095
ABQT,1117,14643,13178,16107
ABQU,1118,17880,16092,19668
ABQV,1119,10326,9293,11358
ABQW,1120,27467,24720,30213
ABQX,1121,38978,35080,42875
ABQY,1122,14089,12680,15497
ABQZ,1123,14965,13468,16461
ABRA,1124,16861,15174,18547
ABRB,1125,24865,22378,27351
ABRC,1126,16059,14453,17664
ABRD,1127,43500,39150,47850
ABRE,1128,41737,37563,45910
ABRF,1129,24349,21914,26783
ABRG,1130,18350,16515,20185
ABRH,1131,3274,2946,3601
ABRI,1132,31210,28089,34331
ABRJ,1133,13697,12327,15066
ABRK,1134,13685,12316,15053
ABRL,1135,44519,40067,48970
ABRM,1136,14224,12801,15646
ABRN,1137,16032,14428,17635
ABRO,1138,14941,13446,16435
ABRP,1139,8152,7336,8967
ABRQ,1140,37621,33858,41383
ABRR,1141,23302,20971,25632
ABRS,1142,39508,35557,43458
ABRT,1143,39536,35582,43489
ABRU,1144,23124,20811,25436
ABRV,1145,42322,38089,46554
ABRW,1146,14280,12852,15708
ABRX,1147,16027,14424,17629
ABRY,1148,16548,14893,18202
ABRZ,1149,2960,2664,3256
ABSA,1150,13529,12176,14881
ABSB,1151,14586,13127,16044
ABSC,1152,20397,18357,22436
ABSD,1153,4969,4472,5465
ABSE,1154,22415,20173,24656
ABSF,1155,15296,13766,16825
ABSG,1156,23204,20883,25524
ABSH,1157,2627,2364,2889
ABSI,1158,15712,14140,17283
ABSJ,1159,29233,26309,32156
ABSK,1160,29808,26827,32788
ABSL,1161,16143,14528,17757
ABSM,1162,3652,3286,4017
ABSN,1163,15341,13806,16875
ABSO,1164,15541,13986,17095
ABSP,1165,27752,24976,30527
ABSQ,1166,7528,6775,8280
ABSR,1167,16933,15239,18626
ABSS,1168,38091,34281,41900
ABST,1169,13644,12279,15008
ABSU,1170,13615,12253,14976
ABSV,1171,43031,38727,47334
ABSW,1172,18985,17086,20883
ABSX,1173,36498,32848,40147
ABSY,1174,16252,14626,17877
ABSZ,1175,1253,1127,1378
ABTA,1176,40427,36384,44469
ABTB,1177,43692,39322,48061
ABTC,1178,48277,43449,53104
ABTD,1179,48755,43879,53630
ABTE,1180,41779,37601,45956
ABTF,1181,40530,36477,44583
ABTG,1182,15858,14272,17443
ABTH,1183,14990,13491,16489
ABTI,1184,15221,13698,16743
ABTJ,1185,1463,1316,1609
ABTK,1186,15933,14339,17526
ABTL,1187,22577,20319,24834
ABTM,1188,43501,39150,47851
ABTN,1189,14420,12978,15862
ABTO,1190,13502,12151,14852
ABTP,1191,14477,13029,15924
ABTQ,1192,20338,18304,22371
ABTR,1193,20151,18135,22166
ABTS,1194,15740,14166,17314
ABTT,1195,13618,12256,14979
ABTU,1196,14594,13134,16053
ABTV,1197,38415,34573,42256
ABTW,1198,34218,30796,37639
ABTX,1199,32184,28965,35402
ABTY,1200,16294,14664,17923
ABTZ,1201,33106,29795,36416
ABUA,1202,14759,13283,16234
ABUB,1203,17770,15993,19547
ABUC,1204,13501,12150,14851
ABUD,1205,26334,23700,28967
ABUE,1206,24609,22148,27069
ABUF,1207,19445,17500,21389
ABUG,1208,16443,14798,18087
ABUH,1209,14484,13035,15932
ABUI,1210,14387,12948,15825
ABUJ,1211,24157,21741,26572
ABUK,1212,15120,13608,16632
ABUL,1213,45642,41077,50206
ABUM,1214,15147,13632,16661
ABUN,1215,14520,13068,15972
ABUO,1216,15428,13885,16970
ABUP,1217,15188,13669,16706
ABUQ,1218,14880,13392,16368
ABUR,1219,14264,12837,15690
ABUS,1220,9022,8119,9924
ABUT,1221,13633,12269,14996
ABUU,1222,15407,13866,16947
ABUV,1223,14240,12816,15664
ABUW,1224,5442,4897,5986
ABUX,1225,7080,6372,7788
ABUY,1226,13532,12178,14885
ABUZ,1227,13915,12523,15306
ABVA,1228,20725,18652,22797
ABVB,1229,17192,15472,18911
ABVC,1230,41310,37179,45441
ABVD,1231,10109,9098,11119
ABVE,1232,14028,12625,15430
ABVF,1233,15327,13794,16859
ABVG,1234,7395,6655,8134
ABVH,1235,16320,14688,17952
ABVI,1236,16458,14812,18103
ABVJ,1237,14678,13210,16145
ABVK,1238,15280,13752,16808
ABVL,1239,14089,12680,15497
ABVM,1240,15288,13759,16816
ABVN,1241,14959,13463,16454
ABVO,1242,14890,13401,16379
ABVP,1243,16359,14723,17994
ABVQ,1244,23352,21016,25687
ABVR,1245,15255,13729,16780
ABVS,1246,13415,12073,14756
ABVT,1247,45215,40693,49736
ABVU,1248,52786,47507,58064
ABVV,1249,46308,41677,50938
ABVW,1250,15354,13818,16889
ABVX,1251,22578,20320,24835
ABVY,1252,30616,27554,33677
ABVZ,1253,14709,13238,16179
ABWA,1254,15232,13708,16755
ABWB,1255,16291,14661,17920
ABWC,1256,31646,28481,34810
ABWD,1257,15787,14208,17365
ABWE,1258,47131,42417,51844
ABWF,1259,15010,13509,16511
ABWG,1260,16907,15216,18597
ABWH,1261,15648,14083,17212
ABWI,1262,21218,19096,23339
ABWJ,1263,13992,12592,15391
ABWK,1264,16236,14612,17859
ABWL,1265,14911,13419,16402
ABWM,1266,14831,13347,16314
ABWN,1267,12992,11692,14291
ABWO,1268,32287,29058,35515
ABWP,1269,14838,13354,16321
ABWQ,1270,36513,32861,40164
ABWR,1271,35544,31989,39098
ABWS,1272,15769,14192,17345
ABWT,1273,12380,11142,13618
ABWU,1274,49464,44517,54410
ABWV,1275,22778,20500,25055
ABWW,1276,27797,25017,30576
ABWX,1277,14052,12646,15457
ABWY,1278,14183,12764,15601
ABWZ,1279,14753,13277,16228
ABXA,1280,15198,13678,16717
ABXB,1281,13756,12380,15131
ABXC,1282,9420,8478,10362
ABXD,1283,52858,47572,58143
ABXE,1284,15962,14365,17558
ABXF,1285,8566,7709,9422
ABXG,1286,14571,13113,16028
ABXH,1287,14427,12984,15869
ABXI,1288,15623,14060,17185
ABXJ,1289,14994,13494,16493
ABXK,1290,9815,8833,10796
ABXL,1291,47146,42431,51860
ABXM,1292,35879,32291,39466
ABXN,1293,38110,34299,41921
ABXO,1294,44618,40156,49079
ABXP,1295,16354,14718,17989
ABXQ,1296,15491,13941,17040
ABXR,1297,19388,17449,21326
ABXS,1298,14479,13031,15926
ABXT,1299,5420,4878,5962
ABXU,1300,15397,13857,16936
ABXV,1301,7361,6624,8097
ABXW,1302,33939,30545,37332
ABXX,1303,27742,24967,30516
ABXY,1304,14039,12635,15442
ABXZ,1305,14278,12850,15705
ABYA,1306,15980,14382,17578
ABYB,1307,15590,14031,17149
ABYC,1308,11105,9994,12215
ABYD,1309,43115,38803,47426
ABYE,1310,30279,27251,33306
ABYF,1311,14624,13161,16086
ABYG,1312,14730,13257,16203
ABYH,1313,21708,19537,23878
ABYI,1314,16684,15015,18352
ABYJ,1315,13599,12239,14958
ABYK,1316,35878,32290,39465
ABYL,1317,14559,13103,16014
ABYM,1318,14496,13046,15945
ABYN,1319,1622,1459,1784
ABYO,1320,14621,13158,16083
ABYP,1321,11534,10380,12687
ABYQ,1322,15166,13649,16682
ABYR,1323,9925,8932,10917
ABYS,1324,49062,44155,53968
ABYT,1325,11756,10580,12931
ABYU,1326,41436,37292,45579
ABYV,1327,36906,33215,40596
ABYW,1328,22782,20503,25060
ABYX,1329,28221,25398,31043
ABYY,1330,6376,5738,7013
ABYZ,1331,8535,7681,9388
ABZA,1332,22401,20160,24641
ABZB,1333,30846,27761,33930
ABZC,1334,30074,27066,33081
ABZD,1335,4207,3786,4627
ABZE,1336,35640,32076,39204
ABZF,1337,47940,43146,52734
ABZG,1338,43359,39023,47694
ABZH,1339,9467,8520,10413
ABZI,1340,35691,32121,39260
ABZJ,1341,44178,39760,48595
ABZK,1342,12513,11261,13764
ABZL,1343,3183,2864,3501
ABZM,1344,31162,28045,34278
ABZN,1345,36651,32985,40316
ABZO,1346,18775,16897,20652
ABZP,1347,40017,36015,44018
ABZQ,1348,13809,12428,15189
ABZR,1349,1203,1082,1323
ABZS,1350,15327,13794,16859
ABZT,1351,13706,12335,15076
ABZU,1352,24552,22096,27007
ABZV,1353,21119,19007,23230
ABZW,1354,8123,7310,8935
ABZX,1355,43058,38752,47363
ABZY,1356,44037,39633,48440
ABZZ,1357,48501,43650,53351
ACAA,1358,27561,24804,30317
ACAB,1359,9246,8321,10170
ACAC,1360,3871,3483,4258
ACAD,1361,44553,40097,49008
ACAE,1362,23100,20790,25410
ACAF,1363,27139,24425,29852
ACAG,1364,25941,23346,28535
ACAH,1365,48314,43482,53145
ACAI,1366,8491,7641,9340
ACAJ,1367,22589,20330,24847
ACAK,1368,37844,34059,41628
ACAL,1369,28245,25420,31069
ACAM,1370,3439,3095,3782
ACAN,1371,32491,29241,35740
ACAO,1372,8143,7328,8957
ACAP,1373,37005,33304,40705
ACAQ,1374,34495,31045,37944
ACAR,1375,46141,41526,50755
ACAS,1376,36329,32696,39961
ACAT,1377,2323,2090,2555
ACAU,1378,6297,5667,6926
ACAV,1379,16754,15078,18429
ACAW,1380,43357,39021,47692
ACAX,1381,12865,11578,14151
ACAY,1382,28408,25567,31248
ACAZ,1383,11521,10368,12673
ACBA,1384,46721,42048,51393
ACBB,1385,41313,37181,45444
ACBC,1386,6731,6057,7404
ACBD,1387,15639,14075,17202
ACBE,1388,22671,20403,24938
ACBF,1389,20591,18531,22650
ACBG,1390,21470,19323,23617
ACBH,1391,27822,25039,30604
ACBI,1392,47226,42503,51948
ACBJ,1393,23173,20855,25490
ACBK,1394,30382,27343,33420
ACBL,1395,33278,29950,36605
ACBM,1396,49146,44231,54060
ACBN,1397,44610,40149,49071
ACBO,1398,7317,6585,8048
ACBP,1399,9004,8103,9904
ACBQ,1400,22822,20539,25104
ACBR,1401,28304,25473,31134
ACBS,1402,23579,21221,25936
ACBT,1403,28342,25507,31176
ACBU,1404,8031,7227,8834
ACBV,1405,24485,22036,26933
ACBW,1406,31078,27970,34185
ACBX,1407,29612,26650,32573
ACBY,1408,4854,4368,5339
ACBZ,1409,12438,11194,13681
ACCA,1410,19555,17599,21510
ACCB,1411,43259,38933,47584
ACCC,1412,4352,3916,4787
ACCD,1413,31061,27954,34167
ACCE,1414,21695,19525,23864
ACCF,1415,17931,16137,19724
ACCG,1416,41880,37692,46068
ACCH,1417,14621,13158,16083
ACCI,1418,4459,4013,4904
ACCJ,1419,21859,19673,24044
ACCK,1420,40451,36405,44496
ACCL,1421,16611,14949,18272
ACCM,1422,32111,28899,35322
ACCN,1423,10722,9649,11794
ACCO,1424,12170,10953,13387
ACCP,1425,23443,21098,25787
ACCQ,1426,30176,27158,33193
ACCR,1427,10884,9795,11972
ACCS,1428,30471,27423,33518
ACCT,1429,20588,18529,22646
ACCU,1430,5603,5042,6163
ACCV,1431,43251,38925,47576
ACCW,1432,36956,33260,40651
ACCX,1433,46932,42238,51625
ACCY,1434,34771,31293,38248
ACCZ,1435,40604,36543,44664
ACDA,1436,3769,3392,4145
ACDB,1437,10942,9847,12036
ACDC,1438,42672,38404,46939
ACDD,1439,8586,7727,9444
ACDE,1440,27259,24533,29984
ACDF,1441,14287,12858,15715
ACDG,1442,15770,14193,17347
ACDH,1443,13843,12458,15227
ACDI,1444,38997,35097,42896
ACDJ,1445,5466,4919,6012
ACDK,1446,30063,27056,33069
ACDL,1447,6127,5514,6739
ACDM,1448,7338,6604,8071
ACDN,1449,8013,7211,8814
ACDO,1450,13506,12155,14856
ACDP,1451,28863,25976,31749
ACDQ,1452,37450,33705,41195
ACDR,1453,7841,7056,8625
ACDS,1454,49076,44168,53983
ACDT,1455,28740,25866,31614
ACDU,1456,47144,42429,51858
ACDV,1457,46556,41900,51211
ACDW,1458,21095,18985,23204
ACDX,1459,6044,5439,6648
ACDY,1460,21591,19431,23750
ACDZ,1461,11379,10241,12516
ACEA,1462,7507,6756,8257
ACEB,1463,45941,41346,50535
ACEC,1464,40724,36651,44796
ACED,1465,8560,7704,9416
ACEE,1466,1122,1009,1234
ACEF,1467,15889,14300,17477
ACEG,1468,40988,36889,45086
ACEH,1469,18486,16637,20334
ACEI,1470,17763,15986,19539
ACEJ,1471,31255,28129,34380
ACEK,1472,25254,22728,27779
ACEL,1473,31024,27921,34126
ACEM,1474,5141,4626,5655
ACEN,1475,10781,9702,11859
ACEO,1476,49195,44275,54114
ACEP,1477,42593,38333,46852
ACEQ,1478,38957,35061,42852
ACER,1479,18081,16272,19889
ACES,1480,29887,26898,32875
ACET,1481,16642,14977,18306
ACEU,1482,16218,14596,17839
ACEV,1483,48615,43753,53476
ACEW,1484,3122,2809,3434
ACEX,1485,25944,23349,28538
ACEY,1486,32719,29447,35990
ACEZ,1487,4531,4077,4984
ACFA,1488,43977,39579,48374
ACFB,1489,18051,16245,19856
ACFC,1490,27957,25161,30752
ACFD,1491,16795,15115,18474
ACFE,1492,20576,18518,22633
ACFF,1493,14971,13473,16468
ACFG,1494,43936,39542,48329
ACFH,1495,10667,9600,11733
ACFI,1496,48555,43699,53410
ACFJ,1497,43084,38775,47392
ACFK,1498,17214,15492,18935
ACFL,1499,26752,24076,29427
ACFM,1500,29348,26413,32282
ACFN,1501,55172,49654,60689
ACFO,1502,10441,9396,11485
ACFP,1503,31873,28685,35060
ACFQ,1504,10346,9311,11380
ACFR,1505,3658,3292,4023
ACFS,1506,990,891,1089
ACFT,1507,36303,32672,39933
ACFU,1508,47786,43007,52564
ACFV,1509,44480,40032,48928
ACFW,1510,5264,4737,5790
ACFX,1511,25453,22907,27998
ACFY,1512,39918,35926,43909
ACFZ,1513,46372,41734,51009
ACGA,1514,18285,16456,20113
ACGB,1515,26554,23898,29209
ACGC,1516,4831,4347,5314
ACGD,1517,44698,40228,49167
ACGE,1518,42102,37891,46312
ACGF,1519,26936,24242,29629
ACGG,1520,20728,18655,22800
ACGH,1521,1990,1791,2189
ACGI,1522,10235,9211,11258
ACGJ,1523,21822,19639,24004
ACGK,1524,8851,7965,9736
ACGL,1525,40171,36153,44188
ACGM,1526,7327,6594,8059
ACGN,1527,48340,43506,53174
ACGO,1528,16373,14735,18010
ACGP,1529,3158,2842,3473
ACGQ,1530,22583,20324,24841
ACGR,1531,21726,19553,23898
ACGS,1532,14140,12726,15554
ACGT,1533,18502,16651,20352
ACGU,1534,19633,17669,21596
ACGV,1535,33586,30227,36944
ACGW,1536,35117,31605,38628
ACGX,1537,3370,3033,3707
ACGY,1538,49419,44477,54360
ACGZ,1539,21231,19107,23354
ACHA,1540,19833,17849,21816
ACHB,1541,42184,37965,46402
ACHC,1542,52914,47622,58205
ACHD,1543,31379,28241,34516
ACHE,1544,15525,13972,17077
ACHF,1545,17114,15402,18825
ACHG,1546,6309,5678,6939
ACHH,1547,23763,21386,26139
ACHI,1548,9706,8735,10676
ACHJ,1549,36354,32718,39989
ACHK,1550,3941,3546,4335
ACHL,1551,26416,23774,29057
ACHM,1552,27076,24368,29783
ACHN,1553,29166,26249,32082
ACHO,1554,44132,39718,48545
ACHP,1555,33070,29763,36377
ACHQ,1556,49342,44407,54276
ACHR,1557,7628,6865,8390
ACHS,1558,32941,29646,36235
ACHT,1559,43375,39037,47712
ACHU,1560,38546,34691,42400
ACHV,1561,16082,14473,17690
ACHW,1562,8470,7623,9317
ACHX,1563,46230,41607,50853
ACHY,1564,39765,35788,43741
ACHZ,1565,35301,31770,38831
ACIA,1566,27983,25184,30781
ACIB,1567,40734,36660,44807
ACIC,1568,20588,18529,22646
ACID,1569,13230,11907,14553
ACIE,1570,35915,32323,39506
ACIF,1571,10740,9666,11814
ACIG,1572,9444,8499,10388
ACIH,1573,41420,37278,45562
ACII,1574,41726,37553,45898
ACIJ,1575,33828,30445,37210
ACIK,1576,6409,5768,7049
ACIL,1577,40795,36715,44874
ACIM,1578,3309,2978,3639
ACIN,1579,31869,28682,35055
ACIO,1580,23877,21489,26264
ACIP,1581,8466,7619,9312
ACIQ,1582,9899,8909,10888
ACIR,1583,42287,38058,46515
ACIS,1584,32629,29366,35891
ACIT,1585,23885,21496,26273
ACIU,1586,44432,39988,48875
ACIV,1587,11745,10570,12919
ACIW,1588,10263,9236,11289
ACIX,1589,20666,18599,22732
ACIY,1590,52691,47421,57960
ACIZ,1591,10177,9159,11194
ACJA,1592,27671,24903,30438
ACJB,1593,34494,31044,37943
ACJC,1594,25639,23075,28202
ACJD,1595,35581,32022,39139
ACJE,1596,17832,16048,19615
ACJF,1597,4182,3763,4600
ACJG,1598,29461,26514,32407
ACJH,1599,15746,14171,17320
ACJI,1600,24028,21625,26430
ACJJ,1601,16380,14742,18018
ACJK,1602,8149,7334,8963
ACJL,1603,5236,4712,5759
ACJM,1604,21948,19753,24142
ACJN,1605,37508,33757,41258
ACJO,1606,54545,49090,59999
ACJP,1607,35090,31581,38599
ACJQ,1608,33176,29858,36493
ACJR,1609,35544,31989,39098
ACJS,1610,36968,33271,40664
ACJT,1611,48229,43406,53051
ACJU,1612,40662,36595,44728
ACJV,1613,11921,10728,13113
ACJW,1614,18123,16310,19935
ACJX,1615,5011,4509,5512
ACJY,1616,8835,7951,9718
ACJZ,1617,21164,19047,23280
ACKA,1618,43864,39477,48250
ACKB,1619,8308,7477,9138
ACKC,1620,1031,927,1134
ACKD,1621,20684,18615,22752
ACKE,1622,49452,44506,54397
ACKF,1623,33595,30235,36954
ACKG,1624,35078,31570,38585
ACKH,1625,25475,22927,28022
ACKI,1626,28714,25842,31585
ACKJ,1627,31800,28620,34980
ACKK,1628,25564,23007,28120
ACKL,1629,2973,2675,3270
ACKM,1630,16946,15251,18640
ACKN,1631,4745,4270,5219
ACKO,1632,18891,17001,20780
ACKP,1633,42291,38061,46520
ACKQ,1634,42424,38181,46666
ACKR,1635,15671,14103,17238
ACKS,1636,25646,23081,28210
ACKT,1637,3663,3296,4029
ACKU,1638,8495,7645,9344
ACKV,1639,34241,30816,37665
ACKW,1640,36078,32470,39685
ACKX,1641,15005,13504,16505
ACKY,1642,8985,8086,9883
ACKZ,1643,9981,8982,10979
ACLA,1644,28767,25890,31643
ACLB,1645,42404,38163,46644
ACLC,1646,48161,43344,52977
ACLD,1647,21140,19026,23254
ACLE,1648,36854,33168,40539
ACLF,1649,11633,10469,12796
ACLG,1650,14332,12898,15765
ACLH,1651,28560,25704,31416
ACLI,1652,2338,2104,2571
ACLJ,1653,47467,42720,52213
ACLK,1654,37628,33865,41390
ACLL,1655,9403,8462,10343
ACLM,1656,16993,15293,18692
ACLN,1657,39608,35647,43568
ACLO,1658,14875,13387,16362
ACLP,1659,23056,20750,25361
ACLQ,1660,7173,6455,7890
ACLR,1661,45741,41166,50315
ACLS,1662,41229,37106,45351
ACLT,1663,21578,19420,23735
ACLU,1664,32032,28828,35235
ACLV,1665,41783,37604,45961
ACLW,1666,35652,32086,39217
ACLX,1667,34061,30654,37467
ACLY,1668,40253,36227,44278
ACLZ,1669,24378,21940,26815
ACMA,1670,34678,31210,38145
ACMB,1671,18457,16611,20302
ACMC,1672,33391,30051,36730
ACMD,1673,41289,37160,45417
ACME,1674,46204,41583,50824
ACMF,1675,47647,42882,52411
ACMG,1676,46553,41897,51208
ACMH,1677,16177,14559,17794
ACMI,1678,25370,22833,27907
ACMJ,1679,40510,36459,44561
ACMK,1680,33595,30235,36954
ACML,1681,16951,15255,18646
ACMM,1682,19588,17629,21546
ACMN,1683,26956,24260,29651
ACMO,1684,19094,17184,21003
ACMP,1685,27300,24570,30030
ACMQ,1686,41514,37362,45665
ACMR,1687,36783,33104,40461
ACMS,1688,20075,18067,22082
ACMT,1689,28299,25469,31128
ACMU,1690,24812,22330,27293
ACMV,1691,3620,3258,3982
ACMW,1692,19593,17633,21552
ACMX,1693,15179,13661,16696
ACMY,1694,15847,14262,17431
ACMZ,1695,21181,19062,23299
ACNA,1696,50433,45389,55476
ACNB,1697,51008,45907,56108
ACNC,1698,2823,2540,3105
ACND,1699,18349,16514,20183
ACNE,1700,27806,25025,30586
ACNF,1701,7849,7064,8633
ACNG,1702,45119,40607,49630
ACNH,1703,48239,43415,53062
ACNI,1704,40234,36210,44257
ACNJ,1705,25701,23130,28271
ACNK,1706,36828,33145,40510
ACNL,1707,42809,38528,47089
ACNM,1708,36451,32805,40096
ACNN,1709,33652,30286,37017
ACNO,1710,15836,14252,17419
ACNP,1711,35699,32129,39268
ACNQ,1712,36488,32839,40136
ACNR,1713,46214,41592,50835
ACNS,1714,23952,21556,26347
ACNT,1715,20757,18681,22832
ACNU,1716,42813,38531,47094
ACNV,1717,15646,14081,17210
ACNW,1718,32574,29316,35831
ACNX,1719,39696,35726,43665
ACNY,1720,42613,38351,46874
ACNZ,1721,38815,34933,42696
ACOA,1722,3079,2771,3386
ACOB,1723,37551,33795,41306
ACOC,1724,21256,19130,23381
ACOD,1725,10886,9797,11974
ACOE,1726,2169,1952,2385
ACOF,1727,2253,2027,2478
ACOG,1728,2326,2093,2558
ACOH,1729,22940,20646,25234
ACOI,1730,17907,16116,19697
ACOJ,1731,22898,20608,25187
ACOK,1732,13968,12571,15364
ACOL,1733,45707,41136,50277
ACOM,1734,38338,34504,42171
ACON,1735,18685,16816,20553
ACOO,1736,45482,40933,50030
ACOP,1737,36394,32754,40033
ACOQ,1738,33770,30393,37147
ACOR,1739,12150,10935,13365
ACOS,1740,2168,1951,2384
ACOT,1741,24411,21969,26852
ACOU,1742,30127,27114,33139
ACOV,1743,15982,14383,17580
ACOW,1744,23437,21093,25780
ACOX,1745,24350,21915,26785
ACOY,1746,38585,34726,42443
ACOZ,1747,47574,42816,52331
ACPA,1748,10507,9456,11557
ACPB,1749,11791,10611,12970
ACPC,1750,43155,38839,47470
ACPD,1751,6135,5521,6748
ACPE,1752,21203,19082,23323
ACPF,1753,35156,31640,38671
ACPG,1754,9565,8608,10521
ACPH,1755,38024,34221,41826
ACPI,1756,24116,21704,26527
ACPJ,1757,44187,39768,48605
ACPK,1758,14165,12748,15581
ACPL,1759,25733,23159,28306
ACPM,1760,44683,40214,49151
ACPN,1761,45980,41382,50578
ACPO,1762,32728,29455,36000
ACPP,1763,33341,30006,36675
ACPQ,1764,20093,18083,22102
ACPR,1765,16416,14774,18057
ACPS,1766,50221,45198,55243
ACPT,1767,17584,15825,19342
ACPU,1768,43578,39220,47935
ACPV,1769,16941,15246,18635
ACPW,1770,45794,41214,50373
ACPX,1771,15713,14141,17284
ACPY,1772,45038,40534,49541
ACPZ,1773,39579,35621,43536
ACQA,1774,22330,20097,24563
ACQB,1775,26630,23967,29293
ACQC,1776,47455,42709,52200
ACQD,1777,16643,14978,18307
ACQE,1778,43338,39004,47671
ACQF,1779,15473,13925,17020
ACQG,1780,28466,25619,31312
ACQH,1781,30654,27588,33719
ACQI,1782,45554,40998,50109
ACQJ,1783,13839,12455,15222
ACQK,1784,32793,29513,36072
ACQL,1785,43550,39195,47905
ACQM,1786,21918,19726,24109
ACQN,1787,42832,38548,47115
ACQO,1788,24486,22037,26934
ACQP,1789,39196,35276,43115
ACQQ,1790,5316,4784,5847
ACQR,1791,22591,20331,24850
ACQS,1792,33722,30349,37094
ACQT,1793,32373,29135,35610
ACQU,1794,24148,21733,26562
ACQV,1795,8777,7899,9654
ACQW,1796,39949,35954,43943
ACQX,1797,19533,17579,21486
ACQY,1798,26640,23976,29304
ACQZ,1799,7571,6813,8328
ACRA,1800,6876,6188,7563
ACRB,1801,31731,28557,34904
ACRC,1802,11542,10387,12696
ACRD,1803,40603,36542,44663
ACRE,1804,4851,4365,5336
ACRF,1805,39487,35538,43435
ACRG,1806,19168,17251,21084
ACRH,1807,5285,4756,5813
ACRI,1808,8398,7558,9237
ACRJ,1809,18739,16865,20612
ACRK,1810,16676,15008,18343
ACRL,1811,5819,5237,6400
ACRM,1812,38737,34863,42610
ACRN,1813,6181,5562,6799
ACRO,1814,3238,2914,3561
ACRP,1815,19085,17176,20993
ACRQ,1816,29004,26103,31904
ACRR,1817,40700,36630,44770
ACRS,1818,13079,11771,14386
ACRT,1819,39817,35835,43798
ACRU,1820,43404,39063,47744
ACRV,1821,42709,38438,46979
ACRW,1822,15622,14059,17184
ACRX,1823,19390,17451,21329
ACRY,1824,22106,19895,24316
ACRZ,1825,6268,5641,6894
ACSA,1826,32102,28891,35312
ACSB,1827,38362,34525,42198
ACSC,1828,12008,10807,13208
ACSD,1829,5675,5107,6242
ACSE,1830,46910,42219,51601
ACSF,1831,20742,18667,22816
ACSG,1832,18068,16261,19874
ACSH,1833,5193,4673,5712
ACSI,1834,1259,1133,1384
ACSJ,1835,5924,5331,6516
ACSK,1836,17630,15867,19393
ACSL,1837,40838,36754,44921
ACSM,1838,4836,4352,5319
ACSN,1839,10588,9529,11646
ACSO,1840,6753,6077,7428
ACSP,1841,41054,36948,45159
ACSQ,1842,7685,6916,8453
ACSR,1843,8335,7501,9168
ACSS,1844,43032,38728,47335
ACST,1845,25587,23028,28145
ACSU,1846,26776,24098,29453
ACSV,1847,33702,30331,37072
ACSW,1848,45423,40880,49965
ACSX,1849,45174,40656,49691
ACSY,1850,30868,27781,33954
ACSZ,1851,16510,14859,18161
ACTA,1852,7778,7000,8555
ACTB,1853,8909,8018,9799
ACTC,1854,38175,34357,41992
ACTD,1855,40433,36389,44476
ACTE,1856,4440,3996,4884
ACTF,1857,26679,24011,29346
ACTG,1858,38867,34980,42753
ACTH,1859,41097,36987,45206
ACTI,1860,32648,29383,35912
ACTJ,1861,28113,25301,30924
ACTK,1862,12525,11272,13777
ACTL,1863,45426,40883,49968
ACTM,1864,38913,35021,42804
ACTN,1865,48860,43974,53746
ACTO,1866,19688,17719,21656
ACTP,1867,29724,26751,32696
ACTQ,1868,7346,6611,8080
ACTR,1869,18254,16428,20079
ACTS,1870,3951,3555,4346
ACTT,1871,23997,21597,26396
ACTU,1872,5243,4718,5767
ACTV,1873,27775,24997,30552
ACTW,1874,13018,11716,14319
ACTX,1875,34603,31142,38063
ACTY,1876,6058,5452,6663
ACTZ,1877,6552,5896,7207
ACUA,1878,19071,17163,20978
ACUB,1879,30156,27140,33171
ACUC,1880,33450,30105,36795
ACUD,1881,42614,38352,46875
ACUE,1882,45734,41160,50307
ACUF,1883,39297,35367,43226
ACUG,1884,36523,32870,40175
ACUH,1885,1773,1595,1950
ACUI,1886,18253,16427,20078
ACUJ,1887,17808,16027,19588
ACUK,1888,37517,33765,41268
ACUL,1889,25390,22851,27929
ACUM,1890,28129,25316,30941
ACUN,1891,2536,2282,2789
ACUO,1892,46099,41489,50708
ACUP,1893,45275,40747,49802
ACUQ,1894,5606,5045,6166
ACUR,1895,23695,21325,26064
ACUS,1896,46310,41679,50941
ACUT,1897,16368,14731,18004
ACUU,1898,26367,23730,29003
ACUV,1899,17539,15785,19292
ACUW,1900,20091,18081,22100
ACUX,1901,13814,12432,15195
ACUY,1902,15859,14273,17444
ACUZ,1903,35175,31657,38692
ACVA,1904,3627,3264,3989
ACVB,1905,1318,1186,1449
ACVC,1906,41202,37081,45322
ACVD,1907,16429,14786,18071
ACVE,1908,8979,8081,9876
ACVF,1909,40378,36340,44415
ACVG,1910,33566,30209,36922
ACVH,1911,42091,37881,46300
ACVI,1912,20018,18016,22019
ACVJ,1913,15193,13673,16712
ACVK,1914,15522,13969,17074
ACVL,1915,1621,1458,1783
ACVM,1916,38659,34793,42524
ACVN,1917,5911,5319,6502
ACVO,1918,2471,2223,2718
ACVP,1919,15769,14192,17345
ACVQ,1920,11851,10665,13036
ACVR,1921,16704,15033,18374
ACVS,1922,20202,18181,22222
ACVT,1923,30739,27665,33812
ACVU,1924,15486,13937,17034
ACVV,1925,5477,4929,6024
ACVW,1926,47365,42628,52101
ACVX,1927,5204,4683,5724
ACVY,1928,35186,31667,38704
ACVZ,1929,17314,15582,19045
ACWA,1930,40726,36653,44798
ACWB,1931,47551,42795,52306
ACWC,1932,33158,29842,36473
ACWD,1933,40967,36870,45063
ACWE,1934,26576,23918,29233
ACWF,1935,26584,23925,29242
ACWG,1936,7348,6613,8082
ACWH,1937,45846,41261,50430
ACWI,1938,15796,14216,17375
ACWJ,1939,46355,41719,50990
ACWK,1940,17695,15925,19464
ACWL,1941,32799,29519,36078
ACWM,1942,8697,7827,9566
ACWN,1943,1931,1737,2124
ACWO,1944,4012,3610,4413
ACWP,1945,21936,19742,24129
ACWQ,1946,14201,12780,15621
ACWR,1947,5933,5339,6526
ACWS,1948,39233,35309,43156
ACWT,1949,40966,36869,45062
ACWU,1950,11231,10107,12354
ACWV,1951,15794,14214,17373
ACWW,1952,31786,28607,34964
ACWX,1953,22952,20656,25247
ACWY,1954,38389,34550,42227
ACWZ,1955,34618,31156,38079
ACXA,1956,3919,3527,4310
ACXB,1957,23418,21076,25759
ACXC,1958,53720,48348,59092
ACXD,1959,16463,14816,18109
ACXE,1960,1211,1089,1332
ACXF,1961,2916,2624,3207
ACXG,1962,47137,42423,51850
ACXH,1963,1801,1620,1981
ACXI,1964,1891,1701,2080
ACXJ,1965,38524,34671,42376
ACXK,1966,25539,22985,28092
ACXL,1967,4229,3806,4651
ACXM,1968,31813,28631,34994
ACXN,1969,54023,48620,59425
ACXO,1970,13111,11799,14422
ACXP,1971,17184,15465,18902
ACXQ,1972,8073,7265,8880
ACXR,1973,29560,26604,32516
ACXS,1974,17058,15352,18763
ACXT,1975,36245,32620,39869
ACXU,1976,4155,3739,4570
ACXV,1977,23025,20722,25327
ACXW,1978,48316,43484,53147
ACXX,1979,15701,14130,17271
ACXY,1980,23098,20788,25407
ACXZ,1981,9261,8334,10187
ACYA,1982,28295,25465,31124
ACYB,1983,16009,14408,17609
ACYC,1984,16761,15084,18437
ACYD,1985,47101,42390,51811
ACYE,1986,34734,31260,38207
ACYF,1987,31515,28363,34666
ACYG,1988,17255,15529,18980
ACYH,1989,2025,1822,2227
ACYI,1990,42268,38041,46494
ACYJ,1991,33067,29760,36373
ACYK,1992,18284,16455,20112
ACYL,1993,7061,6354,7767
ACYM,1994,50026,45023,55028
ACYN,1995,5278,4750,5805
ACYO,1996,30308,27277,33338
ACYP,1997,13207,11886,14527
ACYQ,1998,19060,17154,20966
ACYR,1999,10725,9652,11797
ACYS,2000,31827,28644,35009
ACYT,2001,13542,12187,14896
ACYU,2002,27362,24625,30098
ACYV,2003,30854,27768,33939
ACYW,2004,43421,39078,47763
ACYX,2005,29365,26428,32301
ACYY,2006,16691,15021,18360
ACYZ,2007,23627,21264,25989
ACZA,2008,13824,12441,15206
ACZB,2009,17692,15922,19461
ACZC,2010,30472,27424,33519
ACZD,2011,23858,21472,26243
ACZE,2012,30426,27383,33468
ACZF,2013,11208,10087,12328
ACZG,2014,26167,23550,28783
ACZH,2015,16965,15268,18661
ACZI,2016,29435,26491,32378
ACZJ,2017,14013,12611,15414
ACZK,2018,52906,47615,58196
ACZL,2019,1694,1524,1863
ACZM,2020,32650,29385,35915
ACZN,2021,5948,5353,6542
ACZO,2022,3161,2844,3477
ACZP,2023,36759,33083,40434
ACZQ,2024,9136,8222,10049
ACZR,2025,10040,9036,11044
ACZS,2026,28497,25647,31346
ACZT,2027,35730,32157,39303
ACZU,2028,15639,14075,17202
ACZV,2029,2863,2576,3149
ACZW,2030,28069,25262,30875
ACZX,2031,25656,23090,28221
ACZY,2032,41113,37001,45224
ACZZ,2033,20853,18767,22938
ADAA,2034,25150,22635,27665
ADAB,2035,9451,8505,10396
ADAC,2036,46653,41987,51318
ADAD,2037,45174,40656,49691
ADAE,2038,8573,7715,9430
ADAF,2039,33620,30258,36982
ADAG,2040,31968,28771,35164
ADAH,2041,44153,39737,48568
ADAI,2042,42580,38322,46838
ADAJ,2043,15472,13924,17019
ADAK,2044,27362,24625,30098
ADAL,2045,24779,22301,27256
ADAM,2046,36440,32796,40084
ADAN,2047,25307,22776,27837
